Workbook

Sheet tide
A1: Date | B1: rawtime | C1: Time | D1: dt | E1: Height (ft) | F1: Height (m)
A2: 41863 | B2: 6:00a | C2: =TIMEVALUE(SUBSTITUTE(SUBSTITUTE(LOWER(B2),"a"," AM"),"p"," PM")) -> 0.25 | D2: =tide!$A2+tide!$C2 -> 41863.25 | E2: 6.9 | F2: =tide!$E2*0.3048 -> 2.10312
A3: 41863 | B3: 6:10a | C3: =TIMEVALUE(SUBSTITUTE(SUBSTITUTE(LOWER(B3),"a"," AM"),"p"," PM")) -> 0.25694444 | D3: =tide!$A3+tide!$C3 -> 41863.257 | E3: 6.7 | F3: =tide!$E3*0.3048 -> 2.04216
A4: 41863 | B4: 6:20a | C4: =TIMEVALUE(SUBSTITUTE(SUBSTITUTE(LOWER(B4),"a"," AM"),"p"," PM")) -> 0.26388889 | D4: =tide!$A4+tide!$C4 -> 41863.264 | E4: 6.6 | F4: =tide!$E4*0.3048 -> 2.01168
A5: 41863 | B5: 6:30a | C5: =TIMEVALUE(SUBSTITUTE(SUBSTITUTE(LOWER(B5),"a"," AM"),"p"," PM")) -> 0.27083333 | D5: =tide!$A5+tide!$C5 -> 41863.271 | E5: 6.3 | F5: =tide!$E5*0.3048 -> 1.92024
A6: 41863 | B6: 6:40a | C6: =TIMEVALUE(SUBSTITUTE(SUBSTITUTE(LOWER(B6),"a"," AM"),"p"," PM")) -> 0.27777778 | D6: =tide!$A6+tide!$C6 -> 41863.278 | E6: 6.1 | F6: =tide!$E6*0.3048 -> 1.85928
A7: 41863 | B7: 6:50a | C7: =TIMEVALUE(SUBSTITUTE(SUBSTITUTE(LOWER(B7),"a"," AM"),"p"," PM")) -> 0.28472222 | D7: =tide!$A7+tide!$C7 -> 41863.285 | E7: 5.9 | F7: =tide!$E7*0.3048 -> 1.79832
A8: 41863 | B8: 7:00a | C8: =TIMEVALUE(SUBSTITUTE(SUBSTITUTE(LOWER(B8),"a"," AM"),"p"," PM")) -> 0.29166667 | D8: =tide!$A8+tide!$C8 -> 41863.292 | E8: 5.7 | F8: =tide!$E8*0.3048 -> 1.73736
A9: 41863 | B9: 7:10a | C9: =TIMEVALUE(SUBSTITUTE(SUBSTITUTE(LOWER(B9),"a"," AM"),"p"," PM")) -> 0.29861111 | D9: =tide!$A9+tide!$C9 -> 41863.299 | E9: 5.4 | F9: =tide!$E9*0.3048 -> 1.64592
A10: 41863 | B10: 7:20a | C10: =TIMEVALUE(SUBSTITUTE(SUBSTITUTE(LOWER(B10),"a"," AM"),"p"," PM")) -> 0.30555556 | D10: =tide!$A10+tide!$C10 -> 41863.306 | E10: 5.1 | F10: =tide!$E10*0.3048 -> 1.55448
A11: 41863 | B11: 7:30a | C11: =TIMEVALUE(SUBSTITUTE(SUBSTITUTE(LOWER(B11),"a"," AM"),"p"," PM")) -> 0.3125 | D11: =tide!$A11+tide!$C11 -> 41863.312 | E11: 4.8 | F11: =tide!$E11*0.3048 -> 1.46304
A12: 41863 | B12: 7:40a | C12: =TIMEVALUE(SUBSTITUTE(SUBSTITUTE(LOWER(B12),"a"," AM"),"p"," PM")) -> 0.31944444 | D12: =tide!$A12+tide!$C12 -> 41863.319 | E12: 4.5 | F12: =tide!$E12*0.3048 -> 1.3716
A13: 41863 | B13: 7:50a | C13: =TIMEVALUE(SUBSTITUTE(SUBSTITUTE(LOWER(B13),"a"," AM"),"p"," PM")) -> 0.32638889 | D13: =tide!$A13+tide!$C13 -> 41863.326 | E13: 4.2 | F13: =tide!$E13*0.3048 -> 1.28016
... A106: 41863 | B106: 11:50p | C106: =TIMEVALUE(SUBSTITUTE(SUBSTITUTE(LOWER(B106),"a"," AM"),"p"," PM")) -> 0.99305556 | D106: =tide!$A106+tide!$C106 -> 41863.993 | E106: 2.6 | F106: =tide!$E106*0.3048 -> 0.79248

Sheet CTD
A1: dt | B1: Temp C | C1: SpCond uS | D1: Sal ppt | E1: Depth meters | F1: pH | G1: pH mV | H1: Chl ug/L | I1: Chl RFU | J1: ODOsat % | K1: ODO mg/L
A2: 41863.316 | B2: 17.726746 | C2: 48147.609 | D2: 31.450491 | E2: -0.079385757 | F2: 8.1732178 | G2: -81.237793 | H2: 7.3028564 | I2: 1.7425537 | J2: 103.28598 | K2: 8.141839
A3: 41863.316 | B3: 17.734985 | C3: 48172.832 | D3: 31.468908 | E3: -0.0671978 | F3: 8.1922302 | G3: -82.336426 | H3: 7.4958801 | I3: 1.7921448 | J3: 105.33371 | K3: 8.3008242
A4: 41863.316 | B4: 17.739563 | C4: 48197.418 | D4: 31.486858 | E4: -0.040883064 | F4: 8.2003479 | G4: -82.763672 | H4: 7.3364258 | I4: 1.7501831 | J4: 106.36597 | K4: 8.3809099
A5: 41863.316 | B5: 17.746887 | C5: 48222.465 | D5: 31.505157 | E5: 0.011158705 | F5: 8.2078247 | G5: -83.251953 | H5: 7.1517944 | I5: 1.7082214 | J5: 107.36465 | K5: 8.4570961
A6: 41863.316 | B6: 17.756958 | C6: 48226.438 | D6: 31.508106 | E6: 0.67848206 | F6: 8.2148743 | G6: -83.618164 | H6: 7.2608948 | I6: 1.7349243 | J6: 108.22906 | K6: 8.5236778
A7: 41863.316 | B7: 17.764282 | C7: 48200.477 | D7: 31.489237 | E7: 0.9284668 | F7: 8.2217102 | G7: -84.04541 | H7: 7.1350098 | I7: 1.7044067 | J7: 108.48923 | K7: 8.5438843
A8: 41863.316 | B8: 17.746887 | C8: 48144.25 | D8: 31.448158 | E8: 1.1486206 | F8: 8.2268372 | G8: -84.350586 | H8: 7.3364258 | I8: 1.7539978 | J8: 108.32977 | K8: 8.5360394
A9: 41863.316 | B9: 17.685547 | C9: 47008.824 | D9: 30.622147 | E9: 1.3586121 | F9: 8.2287598 | G9: -84.411621 | H9: 7.4874878 | I9: 1.7883301 | J9: 108.1871 | K9: 8.5773001
A10: 41863.316 | B10: 16.706848 | C10: 45960.824 | D10: 29.855467 | E10: 1.6373596 | F10: 8.2298279 | G10: -84.228516 | H10: 7.4455261 | I10: 1.776886 | J10: 109.59702 | K10: 8.8965673
A11: 41863.316 | B11: 16.015625 | C11: 46537.699 | D11: 30.264084 | E11: 1.8628235 | F11: 8.2264099 | G11: -83.862305 | H11: 7.2105408 | I11: 1.7234802 | J11: 109.7229 | K11: 9.0057878
A12: 41863.316 | B12: 15.370178 | C12: 46454.516 | D12: 30.193377 | E12: 2.1811523 | F12: 8.2191467 | G12: -83.312988 | H12: 7.1685791 | I12: 1.7120361 | J12: 110.22644 | K12: 9.1680717
A13: 41863.316 | B13: 14.802551 | C13: 47149.113 | D13: 30.684237 | E13: 2.401123 | F13: 8.2088928 | G13: -82.580566 | H13: 7.0426941 | I13: 1.6815186 | J13: 110.57053 | K13: 9.2737112
... A233: 41863.838 | B233: 12.57782 | C233: 48747.699 | D233: 31.772648 | E233: 3.4403076 | F233: 7.8267212 | G233: -60.241699 | H233: 6.9252014 | I233: 1.6548157 | J233: 103.85666 | K233: 9.0559273

Sheet cells
E1: D. acuminata (cells) | J1: D. acuminata (cells/mL)
A2: Time | B2: Date | C2: dt | D2: Volume (mL) | E2: 0 m | F2: .5 m | G2: 1.5 m | H2: 2.5 m | J2: 0 m | K2: .5 m | L2: 1.5 m | M2: 2.5 m
A3: 0.3125 | B3: 41863 | C3: =B3+A3 -> 41863.312 | D3: 0.5 | E3: 4 | F3: 5 | G3: 39 | H3: 9 | J3: =E3/$D3 -> 8 | K3: =F3/$D3 -> 10 | L3: =G3/$D3 -> 78 | M3: =H3/$D3 -> 18
A4: 0.4375 | B4: 41863 | C4: =B4+A4 -> 41863.438 | D4: 0.5 | E4: 4 | F4: 1 | G4: 2 | H4: 4 | J4: =E4/$D4 -> 8 | K4: =F4/$D4 -> 2 | L4: =G4/$D4 -> 4 | M4: =H4/$D4 -> 8
A5: 0.5625 | B5: 41863 | C5: =B5+A5 -> 41863.562 | D5: 0.5 | E5: 12 | F5: 7 | G5: 10 | H5: 8 | J5: =E5/$D5 -> 24 | K5: =F5/$D5 -> 14 | L5: =G5/$D5 -> 20 | M5: =H5/$D5 -> 16
A6: 0.6875 | B6: 41863 | C6: =B6+A6 -> 41863.688 | D6: 0.5 | E6: 40 | F6: 40 | G6: 52 | H6: 47 | J6: =E6/$D6 -> 80 | K6: =F6/$D6 -> 80 | L6: =G6/$D6 -> 104 | M6: =H6/$D6 -> 94
A7: 0.82291667 | B7: 41863 | C7: =B7+A7 -> 41863.823 | D7: 0.5 | E7: 15 | F7: 18 | G7: 34 | H7: 64 | J7: =E7/$D7 -> 30 | K7: =F7/$D7 -> 36 | L7: =G7/$D7 -> 68 | M7: =H7/$D7 -> 128

Sheet rawcells
A1: Time | B1: Depth | C1: ml counted | D1: #acuminata | E1: #fortii | F1: #parva | G1: #acuta | H1: #rotundata | I1: cells/L acuminata | J1: cells/L fortii | K1: cells/L parva | L1: cells/L acuta | M1: cells/L rotundata
A2: 0.3125 | B2: 0 | C2: 0.5 | D2: 4 | I2: =D2*(100/C2) -> 800 | J2: =E2*(100/C2) -> 0 | K2: =F2*(100/C2) -> 0 | L2: =G2*(100/C2) -> 0
B3: 0.5 | C3: 0.5 | D3: 5 | E3: 1 | F3: 3 | I3: =D3*(100/C3) -> 1000 | J3: =E3*(100/C3) -> 200 | K3: =F3*(100/C3) -> 600 | L3: =G3*(100/C3) -> 0
B4: 1.5 | C4: 0.5 | D4: 39 | E4: 1 | F4: 2 | I4: =D4*(100/C4) -> 7800 | J4: =E4*(100/C4) -> 200 | K4: =F4*(100/C4) -> 400 | L4: =G4*(100/C4) -> 0
B5: 2.5 | C5: 0.5 | D5: 9 | F5: 1 | I5: =D5*(100/C5) -> 1800 | J5: =E5*(100/C5) -> 0 | K5: =F5*(100/C5) -> 200 | L5: =G5*(100/C5) -> 0
A6: 0.4375 | B6: 0 | C6: 0.5 | D6: 4 | E6: 1 | I6: =D6*(100/C6) -> 800 | J6: =E6*(100/C6) -> 200 | K6: =F6*(100/C6) -> 0 | L6: =G6*(100/C6) -> 0
B7: 0.5 | C7: 0.5 | D7: 1 | E7: 1 | I7: =D7*(100/C7) -> 200 | J7: =E7*(100/C7) -> 200 | K7: =F7*(100/C7) -> 0 | L7: =G7*(100/C7) -> 0
B8: 1.5 | C8: 0.5 | D8: 2 | I8: =D8*(100/C8) -> 400 | J8: =E8*(100/C8) -> 0 | K8: =F8*(100/C8) -> 0 | L8: =G8*(100/C8) -> 0
B9: 2.5 | C9: 0.5 | D9: 4 | I9: =D9*(100/C9) -> 800 | J9: =E9*(100/C9) -> 0 | K9: =F9*(100/C9) -> 0 | L9: =G9*(100/C9) -> 0
A10: 0.5625 | B10: 0 | C10: 0.5 | D10: 12 | E10: 1 | H10: 1 | I10: =D10*(100/C10) -> 2400 | J10: =E10*(100/C10) -> 200 | K10: =F10*(100/C10) -> 0 | L10: =G10*(100/C10) -> 0 | M10: =H10*(100/C10) -> 200
B11: 0.5 | C11: 0.5 | D11: 7 | E11: 3 | F11: 1 | I11: =D11*(100/C11) -> 1400 | J11: =E11*(100/C11) -> 600 | K11: =F11*(100/C11) -> 200
B12: 1.5 | C12: 0.5 | D12: 10 | E12: 1 | I12: =D12*(100/C12) -> 2000 | J12: =E12*(100/C12) -> 200 | K12: =F12*(100/C12) -> 0
B13: 2.5 | C13: 0.5 | D13: 8 | I13: =D13*(100/C13) -> 1600 | J13: =E13*(100/C13) -> 0 | K13: =F13*(100/C13) -> 0
A14: 0.6875 | B14: 0 | C14: 0.5 | D14: 40 | E14: 1 | F14: 1 | I14: =D14*(100/C14) -> 8000 | J14: =E14*(100/C14) -> 200 | K14: =F14*(100/C14) -> 200
B15: 0.5 | C15: 0.5 | D15: 40 | E15: 1 | I15: =D15*(100/C15) -> 8000 | J15: =E15*(100/C15) -> 200 | K15: =F15*(100/C15) -> 0
B16: 1.5 | C16: 0.5 | D16: 52 | E16: 2 | I16: =D16*(100/C16) -> 10400 | J16: =E16*(100/C16) -> 400 | K16: =F16*(100/C16) -> 0
B17: 2.5 | C17: 0.5 | D17: 47 | E17: 2 | F17: 2 | I17: =D17*(100/C17) -> 9400 | J17: =E17*(100/C17) -> 400 | K17: =F17*(100/C17) -> 400
A18: 0.82291667 | B18: 0 | C18: 0.5 | D18: 15 | E18: 1 | I18: =D18*(100/C18) -> 3000 | J18: =E18*(100/C18) -> 200 | K18: =F18*(100/C18) -> 0 | L18: =G18*(100/D18) -> 0
B19: 0.5 | C19: 0.5 | D19: 18 | E19: 1 | G19: 1 | I19: =D19*(100/C19) -> 3600 | J19: =E19*(100/C19) -> 200 | K19: =F19*(100/C19) -> 0 | L19: =G19*(100/C19) -> 200
B20: 1.5 | C20: 0.5 | D20: 34 | E20: 4 | G20: 2 | I20: =D20*(100/C20) -> 6800 | J20: =E20*(100/C20) -> 800 | K20: =F20*(100/C20) -> 0 | L20: =G20*(100/C20) -> 400
B21: 2.5 | C21: 0.5 | D21: 64 | E21: 1 | F21: 1 | I21: =D21*(100/C21) -> 12800 | J21: =E21*(100/C21) -> 200 | K21: =F21*(100/C21) -> 200 | L21: =G21*(100/D21) -> 0
